Year,State,NO2 AQI,O3 AQI,SO2 AQI,CO AQI
2000,Arizona,47.12925170068027,39.04875283446712,7.503401360544218,15.169318181818182
2000,California,29.994367816091955,32.714942528735634,6.044827586206897,11.268912393653714
2000,Colorado,32.75342465753425,27.553424657534247,21.50958904109589,11.558904109589042
2000,District Of Columbia,37.2967032967033,27.956043956043956,24.774725274725274,18.563186813186814
2000,Florida,25.573033707865168,39.21910112359551,7.556179775280899,10.342696629213483
2000,Illinois,42.15482954545455,24.0625,24.583806818181817,11.079545454545455
2000,Indiana,31.74251497005988,43.209580838323355,24.934131736526947,12.125748502994012
2000,Kansas,18.80081300813008,40.173441734417345,5.651761517615176,11.089430894308943
2000,Kentucky,26.82857142857143,42.58095238095238,22.82930402930403,3.4857142857142858
2000,Louisiana,33.45628415300546,38.76775956284153,20.010928961748633,11.633879781420765
2000,Michigan,39.394444444444446,34.49444444444445,30.666666666666668,6.788888888888889
2000,Missouri,31.54447022428461,42.319412219644235,20.73317865429234,8.314771848414539
2000,New Jersey,34.626740947075206,31.331476323119777,21.16434540389972,10.005586592178771
2000,New York,36.51486199575371,30.809978768577494,21.138004246284503,8.386411889596603
2000,North Carolina,31.982683982683984,55.96969696969697,17.64069264069264,10.25974025974026
2000,Oklahoma,13.433333333333334,49.611111111111114,8.333333333333334,1.2798507462686568
2000,Pennsylvania,29.204890126895698,39.6214794181368,21.553079541937482,5.391950464396285
2000,Texas,32.42261904761905,38.61309523809524,14.267857142857142,8.492537313432836
2000,Virginia,30.08156862745098,33.52,24.589019607843138,9.696470588235295
2001,Arizona,41.486784140969164,34.919603524229075,5.88215859030837,13.253303964757709
2001,California,30.480236305048336,34.30042964554243,6.3324382384532765,10.6157730740303
2001,Colorado,48.03115264797508,27.118380062305295,23.98753894080997,11.925233644859814
2001,District Of Columbia,38.93409742120344,32.47277936962751,23.011461318051577,17.312320916905446
2001,Florida,25.121813031161473,35.04532577903683,6.181303116147308,9.011363636363637
2001,Illinois,37.9148665819568,31.935196950444727,27.491740787801778,9.833545108005083
2001,Indiana,30.837078651685392,50.28651685393258,18.786516853932586,5.842696629213483
2001,Kansas,19.412868632707774,36.83512064343164,5.313672922252011,6.345844504021447
2001,Kentucky,26.560576923076923,44.10288461538462,21.221153846153847,2.644230769230769
2001,Louisiana,32.7,35.672222222222224,18.54722222222222,12.7
2001,Massachusetts,35.215384615384615,27.596153846153847,16.153846153846153,6.3961538461538465
2001,Michigan,41.585034013605444,46.564625850340136,30.897959183673468,8.136054421768707
2001,Missouri,33.25056433408578,44.70880361173815,23.124153498871333,8.48081264108352
2001,Nevada,16.58695652173913,31.543478260869566,3.6739130434782608,1.576086956521739
2001,New Jersey,38.04761904761905,36.72077922077922,21.13203463203463,10.242424242424242
2001,New York,38.94661921708185,30.918149466192173,22.469750889679716,8.376334519572953
2001,North Carolina,29.32601880877743,57.25705329153605,17.74921630094044,7.8119122257053295
2001,Oklahoma,17.53968253968254,47.2968253968254,5.6158730158730155,0.9346092503987241
2001,Pennsylvania,30.08108108108108,47.10104422604422,22.180282555282556,5.56405529953917
2001,Texas,31.60939907550077,37.68412942989214,8.942218798151002,7.64225134926754
2002,Arizona,43.52713178294574,36.72093023255814,6.842746400885936,13.655592469545958
2002,California,28.786301088519203,35.38457588827275,5.476278496611214,10.288487213720858
2002,Colorado,37.911764705882355,33.10294117647059,22.415441176470587,9.525735294117647
2002,District Of Columbia,39.8,37.345205479452055,23.912328767123288,17.15890410958904
2002,Florida,23.1267217630854,33.815426997245176,4.008264462809917,7.2809917355371905
2002,Illinois,34.148148148148145,35.11243386243386,21.296296296296298,9.670634920634921
2002,Indiana,33.4296875,57.671875,20.1796875,6.609375
2002,Kansas,17.159600997506235,35.9214463840399,6.002493765586035,5.882793017456359
2002,Kentucky,22.624784853700515,48.908777969018935,15.06540447504303,2.719449225473322
2002,Louisiana,31.344927536231886,32.26376811594203,13.918840579710144,10.942028985507246
2002,Massachusetts,35.55417956656347,25.445820433436534,14.764705882352942,6.649068322981367
2002,Michigan,35.40793201133145,45.3371104815864,18.45042492917847,6.7025495750708215
2002,Missouri,33.274647887323944,49.30046948356807,20.901408450704224,9.204225352112676
2002,Nevada,12.764367816091953,44.67528735632184,1.1522988505747127,1.1005747126436782
2002,New Hampshire,20.60326086956522,41.108695652173914,8.402173913043478,4.907608695652174
2002,New Jersey,38.72148148148148,37.0637037037037,19.78814814814815,9.27111111111111
2002,New York,38.22350674373796,34.4980732177264,20.665703275529864,7.48747591522158
2002,North Carolina,26.542274052478135,62.68221574344023,19.300291545189506,6.839650145772595
2002,Oklahoma,14.612554112554113,39.88961038961039,8.0995670995671,1.565217391304348
2002,Pennsylvania,27.75868317728783,48.68982180610087,20.588643914225308,4.4331017819389915
2002,Tennessee,7.427397260273972,57.01917808219178,3.578082191780822,11.0
2002,Texas,31.792039800995024,41.21890547263681,2.7064676616915424,6.805776892430279
2003,Arizona,41.89182389937107,35.48050314465409,6.568553459119497,12.241509433962264
2003,California,27.545513795350857,35.60666956332827,4.822181186182924,9.713028360317288
2003,Colorado,40.91475409836065,31.537704918032787,19.20327868852459,10.232786885245902
2003,District Of Columbia,36.11357340720222,28.445983379501385,25.64819944598338,14.570637119113574
2003,Florida,22.475138121546962,33.74033149171271,3.596685082872928,6.718232044198895
2003,Illinois,34.93217391304348,31.69217391304348,26.30608695652174,8.761739130434783
2003,Indiana,30.921348314606742,44.853932584269664,20.685393258426966,6.910112359550562
2003,Kansas,18.307060755336618,38.10016420361248,8.848932676518883,5.113300492610837
2003,Kentucky,22.72983870967742,43.895161290322584,15.810483870967742,2.629032258064516
2003,Louisiana,29.79722222222222,32.94722222222222,15.472222222222221,9.952777777777778
2003,Massachusetts,32.83835616438356,25.635616438356163,16.60821917808219,9.501369863013698
2003,Michigan,32.57971014492754,39.60289855072464,17.434782608695652,7.165217391304348
2003,Missouri,31.104895104895103,45.41958041958042,17.82051282051282,9.233100233100233
2003,Nevada,9.114457831325302,43.7710843373494,0.3674698795180723,0.09036144578313253
2003,New Hampshire,18.511494252873565,37.14367816091954,9.293103448275861,5.350574712643678
2003,New Jersey,36.83969465648855,31.34351145038168,24.017811704834607,9.582697201017812
2003,New York,35.73965691220989,30.027245206861757,22.108980827447024,8.455095862764884
2003,North Carolina,25.13213213213213,48.885885885885884,18.366366366366368,7.632530120481928
2003,Oklahoma,13.525943396226415,45.10849056603774,8.00943396226415,0.9692671394799054
2003,Pennsylvania,26.133616762830247,39.35256604919526,20.611296689948375,4.532948679016095
2003,South Carolina,5.9363636363636365,37.9,4.3090909090909095,3.2636363636363637
2003,Tennessee,9.254901960784315,43.57843137254902,3.2941176470588234,11.0
2003,Texas,31.07894736842105,39.09649122807018,9.150584795321638,8.102489019033674
2004,Arizona,38.64725643896976,35.64837625979843,5.931690929451288,9.879059350503919
2004,California,26.362315416420554,34.67147076196102,5.537271116361488,8.617511520737327
2004,Colorado,39.886297376093296,27.08454810495627,15.641399416909621,10.612244897959183
2004,District Of Columbia,33.94230769230769,27.662087912087912,21.546703296703296,10.645604395604396
2004,Florida,20.867977528089888,36.418539325842694,3.359550561797753,7.23876404494382
2004,Illinois,32.28087986463621,29.314720812182742,21.76818950930626,9.262267343485618
2004,Indiana,28.034965034965033,42.67132867132867,21.832167832167833,8.34965034965035
2004,Kansas,18.69242658423493,29.842349304482227,9.1854714064915,6.151468315301391
2004,Louisiana,28.64109589041096,32.02465753424657,14.898630136986302,8.265753424657534
2004,Massachusetts,25.39047619047619,25.87936507936508,12.320634920634921,4.092063492063492
2004,Michigan,27.895043731778426,34.524781341107875,14.629737609329446,6.355685131195335
2004,Missouri,27.413953488372094,36.63953488372093,20.31860465116279,8.406976744186046
2004,New Hampshire,19.059782608695652,34.96195652173913,10.402173913043478,4.081521739130435
2004,New Jersey,32.04584527220631,32.48997134670487,17.146131805157594,8.1432664756447
2004,New York,33.252216748768475,29.040394088669952,21.857142857142858,6.832347140039448
2004,North Carolina,23.41311475409836,47.48196721311476,17.255737704918033,6.781967213114754
2004,Oklahoma,12.219780219780219,41.24803767660911,7.381475667189953,0.478806907378336
2004,Pennsylvania,25.0832328106152,37.32599517490953,20.33112183353438,5.2699849170437405
2004,Texas,27.84493898061737,34.92103374012922,7.280689160086145,6.294751976994967
2005,Arizona,38.638617886178864,36.43252032520325,5.355284552845529,11.06260162601626
2005,California,24.521849417733193,33.47007955724663,4.965525193128099,7.593980627306273
2005,Colorado,42.6588693957115,30.22222222222222,13.559454191033138,10.206627680311891
2005,District Of Columbia,34.4171270718232,31.734806629834253,16.76795580110497,12.972375690607734
2005,Florida,18.861495844875346,36.770083102493075,3.2742382271468142,7.67590027700831
2005,Illinois,32.74734982332156,36.957597173144876,28.146643109540637,7.796819787985866
2005,Indiana,29.58695652173913,50.28260869565217,24.983695652173914,6.766304347826087
2005,Kansas,20.859784283513097,35.75808936825886,9.477657935285054,6.551617873651772
2005,Louisiana,27.951063829787234,36.146808510638294,15.923404255319149,7.127659574468085
2005,Massachusetts,29.103151862464184,26.512893982808023,8.939828080229226,4.8538681948424065
2005,Michigan,30.346625766871167,44.32515337423313,14.349693251533742,5.874233128834356
2005,Missouri,25.93006993006993,51.57109557109557,19.02097902097902,7.1678321678321675
2005,New Hampshire,18.35323383084577,34.38805970149254,12.592039800995025,6.885572139303482
2005,New Jersey,32.42153846153846,36.34153846153846,16.76,7.281733746130031
2005,New York,34.25171400587659,32.31635651322233,22.778648383937316,6.218413320274241
2005,North Carolina,27.195348837209302,55.11162790697674,17.865116279069767,7.925581395348837
2005,Oklahoma,18.150851581508515,45.763990267639905,2.8661800486618003,0.5547445255474452
2005,Pennsylvania,26.21472392638037,43.80338884019866,22.157464212678935,3.558282208588957
2005,Texas,28.8401142041399,39.24768022840828,7.993576017130621,5.835714285714285
2006,Arizona,38.73011583011583,38.56679536679537,5.166023166023166,10.693436293436294
2006,California,25.06856206856207,34.93015093015093,4.75956475956476,7.402527498244793
2006,Colorado,42.23364485981308,29.401869158878505,13.172897196261681,9.855140186915888
2006,Connecticut,32.9593023255814,35.127906976744185,15.19767441860465,6.796511627906977
2006,Country Of Mexico,38.72216330858961,34.29798515376458,6.6680805938494165,18.721102863202546
2006,District Of Columbia,29.60821917808219,38.11506849315069,16.197260273972603,15.284931506849315
2006,Florida,19.4,40.07671232876712,2.8465753424657536,5.747945205479452
2006,Illinois,31.22603978300181,30.74502712477396,14.652802893309222,6.444846292947559
2006,Indiana,24.304597701149426,35.0632183908046,25.867816091954023,8.666666666666666
2006,Iowa,15.387096774193548,19.903225806451612,1.3225806451612903,3.5161290322580645
2006,Kansas,22.64187866927593,37.303326810176124,11.604696673189824,6.387475538160469
2006,Louisiana,29.25319693094629,33.85677749360614,15.634271099744245,6.194373401534527
2006,Maine,5.7827586206896555,28.00344827586207,2.6,2.1344827586206896
2006,Maryland,25.496932515337424,49.25766871165644,19.233128834355828,5.9447852760736195
2006,Massachusetts,29.84722222222222,23.155555555555555,8.05,7.055555555555555
2006,Michigan,24.951704545454547,36.63636363636363,12.747159090909092,5.369318181818182
2006,Missouri,34.840375586854464,40.85446009389671,21.55399061032864,6.779342723004695
2006,New Hampshire,14.794285714285714,35.08571428571429,9.622857142857143,5.645714285714286
2006,New Jersey,29.270194986072422,35.12256267409471,15.356545961002785,6.116991643454039
2006,New York,33.393488372093024,30.62,17.946976744186045,5.703255813953488
2006,North Carolina,26.72222222222222,54.0,18.49537037037037,6.537037037037037
2006,Oklahoma,17.32950191570881,40.04214559386973,5.015325670498084,2.5440613026819925
2006,Pennsylvania,24.56147091108672,39.47722283205269,18.71185510428101,3.754390779363337
2006,South Carolina,5.224137931034483,42.054597701149426,7.195402298850575,1.8477011494252873
2006,Texas,27.89265536723164,36.9504080351538,7.889516635279347,5.097300690521029
2006,Virginia,24.23152709359606,37.192939244663386,13.267651888341543,6.557107641741989
2006,Wisconsin,26.152298850574713,28.120689655172413,8.39080459770115,5.379310344827586
2007,Arizona,36.42734375,37.375,4.35078125,9.6578125
2007,Arkansas,22.88736263736264,34.94505494505494,6.447802197802198,8.39010989010989
2007,California,23.56291964479099,34.439571150097464,3.911414338314923,6.684444444444445
2007,Colorado,41.503586800573885,31.203730272596843,12.527977044476327,9.407460545193688
2007,Connecticut,26.345724907063197,43.13382899628253,7.263940520446097,4.533457249070632
2007,Country Of Mexico,37.695961995249405,34.04513064133017,7.180522565320665,17.45
2007,District Of Columbia,29.076923076923077,40.5,16.526627218934912,15.765578635014837
2007,Florida,14.133058984910837,37.997256515775035,4.3401920438957475,3.9766803840877913
2007,Illinois,29.86576354679803,30.685960591133004,10.525862068965518,5.390394088669951
2007,Indiana,23.282485875706215,46.898305084745765,15.892655367231638,6.386363636363637
2007,Iowa,15.39386189258312,34.588235294117645,2.084398976982097,3.7161125319693094
2007,Kansas,27.10958904109589,31.427397260273974,13.572602739726028,6.857534246575343
2007,Louisiana,27.952112676056338,33.15211267605634,13.298591549295775,5.833802816901408
2007,Maine,6.438356164383562,28.293150684931508,3.2164383561643834,2.1013698630136988
2007,Maryland,24.941265060240966,37.42319277108434,17.27409638554217,5.697289156626506
2007,Massachusetts,30.88950276243094,24.058011049723756,9.787292817679559,5.759668508287293
2007,Michigan,13.0,18.0,9.0,3.0
2007,Missouri,27.938388625592417,48.37440758293839,19.981042654028435,6.8246445497630335
2007,New Hampshire,15.777173913043478,36.69021739130435,10.277173913043478,6.304347826086956
2007,New Jersey,30.574229691876752,35.63025210084034,13.957983193277311,4.865168539325842
2007,New York,32.043564356435645,29.853465346534655,16.394059405940595,5.965346534653466
2007,North Carolina,28.76986301369863,46.915068493150685,18.10958904109589,6.364383561643836
2007,Oklahoma,17.168478260869566,35.71557971014493,3.652173913043478,4.0
2007,Oregon,19.207792207792206,23.346320346320347,2.277056277056277,6.333333333333333
2007,Pennsylvania,23.763016639828233,43.707729468599034,19.60305958132045,3.7214170692431563
2007,South Carolina,5.073089700996678,37.29900332225914,4.774086378737541,1.7375415282392026
2007,Texas,25.855303810504633,34.03347064881565,5.8424304840370755,4.288362512873326
2007,Virginia,23.469914040114613,42.046800382043934,14.02865329512894,6.018147086914995
2007,Wisconsin,26.322580645161292,18.35483870967742,7.032258064516129,3.774193548387097
2007,Wyoming,6.094182825484765,41.57617728531856,1.2880886426592797,2.2493074792243766
2008,Arizona,35.92509960159362,38.69322709163347,4.149003984063745,7.874700718276137
2008,Arkansas,19.838797814207652,32.35792349726776,4.527322404371585,6.459016393442623
2008,California,23.73476772616137,36.34699266503667,3.5514914425427873,6.337734741784038
2008,Colorado,38.66120218579235,37.92622950819672,11.150273224043715,7.501369863013698
2008,Connecticut,22.393574297188756,37.144578313253014,4.483935742971887,4.969879518072289
2008,Country Of Mexico,39.80456852791878,32.119289340101524,5.380710659898477,17.776649746192895
2008,District Of Columbia,32.227777777777774,36.17777777777778,15.044444444444444,15.927777777777777
2008,Florida,12.640822784810126,35.31803797468354,3.9003164556962027,3.1107594936708862
2008,Illinois,29.035536159600998,27.66645885286783,10.28428927680798,4.953865336658354
2008,Indiana,20.684782608695652,37.86413043478261,8.048913043478262,6.065217391304348
2008,Iowa,15.769607843137255,33.20343137254902,1.6323529411764706,3.676470588235294
2008,Kansas,28.654178674351584,27.755043227665706,13.342939481268012,6.334293948126801
2008,Louisiana,26.19832402234637,30.689944134078214,14.391061452513966,4.677871148459384
2008,Maine,11.770609318996415,27.10931899641577,4.747311827956989,2.4068100358422937
2008,Maryland,25.15,33.37826086956522,14.1,6.106521739130435
2008,Massachusetts,30.827397260273973,25.26027397260274,7.263013698630137,3.0
2008,Missouri,25.21395348837209,38.85116279069767,17.530232558139534,6.223255813953489
2008,New Hampshire,14.73076923076923,33.57692307692308,8.126373626373626,6.763736263736264
2008,New Jersey,29.865671641791046,37.615671641791046,12.335820895522389,3.705223880597015
2008,New York,29.89905090595341,31.12165660051769,14.528472821397756,5.371009490940466
2008,North Carolina,23.34065934065934,40.815934065934066,13.423076923076923,5.240384615384615
2008,North Dakota,13.9533527696793,28.807580174927114,0.42565597667638483,2.1778425655976674
2008,Oklahoma,13.257879656160458,33.713467048710605,2.871060171919771,2.530085959885387
2008,Oregon,19.432926829268293,24.213414634146343,2.6798780487804876,6.103658536585366
2008,Pennsylvania,21.991338582677166,38.8503937007874,15.358792650918636,2.943554738776582
2008,South Carolina,4.43343653250774,36.13312693498452,5.436532507739938,1.6006191950464397
2008,Tennessee,2.49438202247191,35.21348314606742,4.674157303370786,2.5568181818181817
2008,Texas,21.976843910806174,32.99828473413379,5.199399656946826,3.8295405753542293
2008,Virginia,20.941787941787943,37.32744282744283,10.523908523908524,5.036420395421436
2008,Wyoming,6.762057877813505,39.508038585209,0.572347266881029,1.3086816720257235
2009,Arizona,33.80248833592535,37.11508553654743,3.201399688958009,7.572317262830482
2009,Arkansas,18.84931506849315,31.69041095890411,4.463013698630137,6.2465753424657535
2009,California,22.900078151166685,35.285363402925086,2.8337613040080383,6.439825678846798
2009,Colorado,30.61875,38.8,10.121875,6.515625
2009,Connecticut,21.70212765957447,31.29645390070922,5.2141843971631205,4.601706970128022
2009,Country Of Mexico,42.945454545454545,26.181818181818183,11.218181818181819,21.87272727272727
2009,District Of Columbia,31.38121546961326,30.223756906077348,12.56353591160221,11.92817679558011
2009,Florida,13.583333333333334,35.33620689655172,1.2614942528735633,4.735632183908046
2009,Idaho,22.0,44.810810810810814,1.1081081081081081,2.189189189189189
2009,Illinois,26.765281173594133,27.18092909535452,7.727383863080685,4.84718826405868
2009,Indiana,20.073446327683616,34.429378531073446,7.836158192090395,3.5819209039548023
2009,Iowa,15.192982456140351,32.097744360902254,1.1979949874686717,3.380952380952381
2009,Kansas,24.42105263157895,29.301169590643276,14.491228070175438,5.315789473684211
2009,Louisiana,25.473684210526315,30.49584487534626,10.32409972299169,3.3240997229916895
2009,Maine,13.49698795180723,26.037650602409638,5.950301204819277,3.018099547511312
2009,Maryland,23.567398119122256,32.86520376175549,12.595611285266457,7.2507836990595615
2009,Massachusetts,28.562326869806093,24.97229916897507,6.43213296398892,4.678670360110804
2009,New Hampshire,15.634328358208956,27.26492537313433,8.485074626865671,5.812734082397004
2009,New York,23.562409288824384,29.186139332365748,9.997822931785196,3.9085631349782295
2009,North Carolina,21.048571428571428,34.934285714285714,4.011428571428572,4.972857142857142
2009,North Dakota,12.939058171745152,28.518005540166204,0.6703601108033241,2.063711911357341
2009,Ohio,10.326347305389222,34.23053892215569,14.050898203592814,4.2395209580838324
2009,Oklahoma,13.170212765957446,34.817021276595746,3.1425531914893616,3.588486140724947
2009,Oregon,18.579250720461093,24.659942363112393,3.250720461095101,5.815561959654179
2009,Pennsylvania,20.408661854525263,34.00277623542476,12.751804553026096,3.743888888888889
2009,South Carolina,3.7889273356401385,32.2560553633218,3.1453287197231834,0.8166089965397924
2009,Tennessee,1.4841772151898733,38.110759493670884,1.9430379746835442,1.889240506329114
2009,Texas,18.291370106761565,31.852313167259787,4.068060498220641,3.383177570093458
2009,Virginia,24.11692844677138,31.994764397905758,11.200698080279231,4.837696335078534
2010,Arizona,31.996981132075472,37.817358490566036,3.0558490566037735,6.652075471698113
2010,Arkansas,21.794520547945204,35.964383561643835,3.0191780821917806,6.532876712328767
2010,California,21.927298988926335,33.43307655272027,2.082932113625421,5.535155309414881
2010,Colorado,31.22488038277512,31.89952153110048,7.909090909090909,6.75
2010,Connecticut,20.530586766541823,35.34332084893882,3.4519350811485645,4.0649188514357055
2010,Country Of Mexico,33.325905292479106,29.568245125348188,5.094707520891365,15.038997214484679
2010,District Of Columbia,30.994505494505493,39.27472527472528,8.17032967032967,11.997252747252746
2010,Florida,13.442896935933147,35.467966573816156,1.0194986072423398,5.334261838440112
2010,Georgia,30.73913043478261,28.054347826086957,5.260869565217392,6.793478260869565
2010,Idaho,24.019390581717452,33.83102493074792,0.6925207756232687,2.89196675900277
2010,Illinois,24.521186440677965,34.951977401129945,9.165254237288135,5.5
2010,Indiana,20.360544217687075,38.04761904761905,10.013605442176871,2.9523809523809526
2010,Iowa,16.06313131313131,34.5,1.0782828282828283,3.654040404040404
2010,Kansas,25.739766081871345,27.4093567251462,14.862573099415204,6.707602339181286
2010,Louisiana,26.28611898016997,34.92634560906516,7.787535410764873,3.971671388101983
2010,Maine,12.84487951807229,28.650602409638555,3.7921686746987953,3.5625942684766216
2010,Maryland,26.27246376811594,39.2927536231884,7.234782608695652,6.257971014492754
2010,Massachusetts,28.53038674033149,25.983425414364643,4.9088397790055245,4.400552486187845
2010,Nevada,34.4,23.7,1.3,6.3
2010,New Hampshire,14.925373134328359,33.97014925373134,8.64179104477612,6.507462686567164
2010,New York,23.957409050576754,33.66725820763088,8.702750665483585,4.79946761313221
2010,North Carolina,23.963483146067414,41.09550561797753,3.758426966292135,5.436797752808989
2010,North Dakota,13.586301369863014,30.095890410958905,0.6520547945205479,2.136986301369863
2010,Ohio,13.256830601092895,44.868852459016395,9.688524590163935,4.185792349726776
2010,Oklahoma,13.073359073359073,35.608108108108105,2.891891891891892,3.6332046332046333
2010,Oregon,17.172602739726027,24.005479452054793,2.819178082191781,5.383561643835616
2010,Pennsylvania,21.669135802469135,39.62814814814815,9.481481481481481,4.103754940711463
2010,South Carolina,4.258620689655173,37.564655172413794,2.935344827586207,1.1120689655172413
2010,Tennessee,1.6462093862815885,46.588447653429604,2.4693140794223827,1.9747292418772564
2010,Texas,21.40269391546679,33.22062238736647,4.39572689270785,3.6553646075243846
2010,Virginia,19.85672514619883,46.02046783625731,6.169590643274854,2.008771929824561
2011,Arizona,31.609182530795074,38.694288913773796,2.4501679731243002,6.216125419932811
2011,Arkansas,21.115068493150684,35.701369863013696,2.9863013698630136,6.178082191780822
2011,California,20.89294493608653,33.317109144542776,1.9277286135693215,5.6937600098558585
2011,Colorado,36.01587301587302,41.43492063492064,8.87936507936508,5.770700636942675
2011,Connecticut,17.535714285714285,34.93045112781955,3.1823308270676693,3.206961429915334
2011,Country Of Mexico,38.22641509433962,22.32075471698113,8.443396226415095,16.919811320754718
2011,Delaware,21.099206349206348,33.285714285714285,3.357142857142857,3.6706349206349205
2011,District Of Columbia,28.137931034482758,32.57701149425287,7.117241379310345,9.662068965517241
2011,Florida,12.715068493150685,35.95068493150685,0.7698630136986301,5.767123287671233
2011,Georgia,29.140495867768596,38.32506887052342,4.862258953168044,5.429752066115703
2011,Hawaii,8.787375415282392,27.13953488372093,2.29734219269103,3.9119601328903655
2011,Idaho,16.91304347826087,20.91304347826087,1.9565217391304348,4.826086956521739
2011,Illinois,23.294416243654823,33.263959390862944,8.647208121827411,5.2652284263959395
2011,Indiana,20.494565217391305,45.78260869565217,12.233695652173912,1.2554347826086956
2011,Iowa,15.269449715370019,32.76660341555977,2.2485768500948766,2.840304182509506
2011,Kansas,25.074285714285715,27.32,11.397142857142857,6.868571428571428
2011,Louisiana,24.482093663911847,35.99724517906336,6.528925619834711,3.371900826446281
2011,Maine,11.691237830319889,27.346314325452017,2.9582753824756605,3.267409470752089
2011,Maryland,25.610223642172524,36.322683706070286,7.26517571884984,5.220447284345048
2011,Massachusetts,29.6510989010989,24.85989010989011,4.53021978021978,4.508241758241758
2011,Minnesota,18.16551724137931,32.60689655172414,2.113793103448276,3.1498257839721253
2011,Nevada,29.931506849315067,33.12328767123287,1.1835616438356165,4.791780821917809
2011,New Jersey,36.548850574712645,31.166666666666668,7.025862068965517,6.227011494252873
2011,New Mexico,26.47457627118644,39.943502824858754,0.8220338983050848,3.5282485875706215
2011,New York,21.915403032721468,30.310454908220272,8.102952913008778,4.1064
2011,North Carolina,20.941011235955056,42.075842696629216,2.2612359550561796,5.338483146067416
2011,North Dakota,12.799418604651162,28.607558139534884,0.5319767441860465,1.9796511627906976
2011,Ohio,24.850079744816586,32.54545454545455,22.424242424242426,4.271132376395534
2011,Oklahoma,13.843785632839225,45.620296465222346,2.846066134549601,3.482326111744584
2011,Oregon,16.17391304347826,23.13664596273292,1.9223602484472049,5.8105590062111805
2011,Pennsylvania,21.130482058716925,33.201522290685034,7.193185936933672,3.714130039956411
2011,Rhode Island,11.431818181818182,38.78787878787879,1.5303030303030303,2.606060606060606
2011,South Dakota,13.634831460674157,33.306179775280896,0.5786516853932584,2.5661971830985917
2011,Texas,21.358129175946548,36.493986636971044,3.2797327394209352,3.4032976827094474
2011,Utah,30.975069252077564,36.445983379501385,2.3074792243767313,5.570637119113574
2011,Virginia,16.039619651347067,43.44532488114105,4.518225039619652,4.088748019017433
2011,Wyoming,11.893095768374165,39.342984409799556,2.0,1.6792873051224944
2012,Arizona,34.26673751328374,40.375132837407016,2.3910733262486716,6.42720510095643
2012,Arkansas,23.756830601092897,36.486338797814206,2.7841530054644807,6.4576502732240435
2012,California,19.14736172917991,35.51392244119517,1.5605848696757787,5.299694578773225
2012,Colorado,36.41037037037037,34.94814814814815,9.157037037037037,6.177777777777778
2012,Connecticut,15.243925233644859,38.1196261682243,2.0598130841121494,2.994392523364486
2012,Delaware,22.296137339055793,35.652360515021456,2.815450643776824,3.927038626609442
2012,District Of Columbia,27.917832167832167,34.44055944055944,4.101398601398602,8.660839160839162
2012,Florida,12.806010928961749,33.478142076502735,0.5737704918032787,5.2103825136612025
2012,Georgia,25.043956043956044,35.73351648351648,1.532967032967033,5.476584022038567
2012,Hawaii,8.252173913043478,24.68695652173913,1.153623188405797,4.601449275362318
2012,Illinois,22.624242424242425,39.97575757575758,5.571212121212121,4.471212121212122
2012,Indiana,22.366013071895424,51.11764705882353,8.732026143790849,5.908496732026144
2012,Iowa,15.784560143626571,35.2064631956912,1.3464991023339319,3.0431654676258995
2012,Kansas,24.88856304985337,38.27272727272727,11.736070381231672,7.730205278592376
2012,Louisiana,23.68169014084507,34.32676056338028,3.571830985915493,3.36056338028169
2012,Maine,12.26981919332406,27.543810848400557,2.4756606397774688,3.944367176634214
2012,Maryland,20.399709302325583,36.76889534883721,3.7863372093023258,3.8561046511627906
2012,Massachusetts,25.997214484679667,24.983286908077993,2.8412256267409473,4.22841225626741
2012,Minnesota,16.53030303030303,42.696969696969695,0.6818181818181818,2.3773584905660377
2012,Nevada,28.055555555555557,39.141666666666666,0.8944444444444445,4.197222222222222
2012,New Jersey,27.485099337748345,35.89403973509934,3.912251655629139,4.610927152317881
2012,New Mexico,27.114206128133706,39.760445682451255,1.3426183844011141,3.4066852367688023
2012,New York,30.44733242134063,32.05608755129959,8.157318741450068,5.203830369357045
2012,North Carolina,18.51779935275081,39.57605177993528,0.8252427184466019,4.378640776699029
2012,North Dakota,12.45054945054945,29.928571428571427,0.36538461538461536,2.107142857142857
2012,Ohio,24.229268292682928,29.285365853658536,19.054878048780488,4.107317073170732
2012,Oklahoma,14.777389277389277,42.34382284382284,1.7412587412587412,2.8514619883040937
2012,Oregon,16.564814814814813,26.641975308641975,1.2160493827160495,5.1265432098765435
2012,Pennsylvania,21.221944245889922,33.70085775553967,6.79771265189421,3.5954935622317596
2012,Rhode Island,12.51953125,38.55078125,2.50390625,3.0
2012,South Dakota,13.78688524590164,37.42622950819672,0.6475409836065574,2.659340659340659
2012,Texas,21.400335711288292,36.0444817456987,2.7687788501888377,3.2266051195971466
2012,Utah,16.169680111265645,43.210013908205845,0.9290681502086231,5.439499304589708
2012,Virginia,16.080118694362017,40.40652818991098,2.973293768545994,3.5682492581602374
2012,Wyoming,11.709722222222222,40.455555555555556,3.986111111111111,2.636111111111111
2013,Alabama,21.387096774193548,18.903225806451612,6.580645161290323,4.129032258064516
2013,Arizona,30.119144602851325,43.91140529531568,2.174134419551935,5.763747454175153
2013,Arkansas,22.013698630136986,35.676712328767124,2.4315068493150687,5.428767123287671
2013,California,19.97826086956522,37.18159980783089,1.3164785010809512,5.542888034598751
2013,Colorado,25.413793103448278,38.73850574712644,6.989463601532567,5.076628352490421
2013,Connecticut,15.203107658157602,36.48168701442841,1.5738068812430632,2.846836847946726
2013,Delaware,20.868217054263567,35.16279069767442,2.317829457364341,3.248062015503876
2013,District Of Columbia,22.288109756097562,33.16463414634146,2.2439024390243905,5.050304878048781
2013,Florida,11.44225352112676,34.816901408450704,0.30985915492957744,4.059154929577465
2013,Georgia,20.596541786743515,32.242074927953894,0.7348703170028819,4.8097982708933715
2013,Hawaii,8.830601092896174,27.098360655737704,2.2459016393442623,5.751366120218579
2013,Illinois,21.15644820295983,34.9661733615222,4.822410147991543,4.3241525423728815
2013,Indiana,19.43595041322314,37.32644628099174,13.12396694214876,4.136363636363637
2013,Iowa,13.998165137614679,32.29633027522936,1.9486238532110092,2.726605504587156
2013,Kansas,23.564935064935064,34.561688311688314,9.694805194805195,6.564935064935065
2013,Kentucky,25.28048780487805,21.682926829268293,7.7317073170731705,5.7317073170731705
2013,Louisiana,19.869444444444444,33.53611111111111,2.977777777777778,3.022222222222222
2013,Maine,8.838056680161943,28.402834008097166,1.6072874493927125,2.8927125506072873
2013,Maryland,19.040875912408758,34.36934306569343,3.1751824817518246,3.4642335766423358
2013,Massachusetts,28.124293785310734,25.33050847457627,2.5112994350282487,4.194915254237288
2013,Missouri,21.848837209302324,32.0406976744186,11.988372093023257,3.854651162790698
2013,Nevada,28.597101449275364,39.86376811594203,1.2028985507246377,4.889855072463768
2013,New Jersey,26.932038834951456,30.123439667128988,2.1650485436893203,4.26490984743412
2013,New Mexico,23.01392757660167,44.91643454038997,1.139275766016713,3.368715083798883
2013,New York,30.091539528432733,31.918169209431344,5.169209431345354,4.633841886269071
2013,North Carolina,17.755681818181817,36.79545454545455,0.7102272727272727,4.505681818181818
2013,North Dakota,13.008,31.248,0.364,1.848
2013,Ohio,22.749636098981078,31.07278020378457,13.27438136826783,3.4861717612809318
2013,Oklahoma,15.21606648199446,41.300554016620495,1.254847645429363,2.9168975069252077
2013,Oregon,16.216216216216218,22.87987987987988,1.984984984984985,5.036036036036036
2013,Pennsylvania,18.527864312911042,34.884389061959155,6.2540671512634125,2.7660089996538595
2013,Rhode Island,14.94632768361582,38.03954802259887,2.3502824858757063,3.172316384180791
2013,South Dakota,8.661406025824965,33.951219512195124,0.5351506456241033,2.005738880918221
2013,Texas,19.642195295794725,37.04383464005702,1.8296507483962936,3.0042765502494655
2013,Utah,22.507070707070707,45.72525252525252,0.9535353535353536,4.943434343434343
2013,Virginia,14.497835497835498,35.67099567099567,2.0335497835497836,3.786796536796537
2013,Washington,23.756756756756758,23.08108108108108,3.72972972972973,2.4864864864864864
2013,Wyoming,11.217270194986073,41.28412256267409,0.6908077994428969,0.8240223463687151
2014,Alabama,21.486754966887418,36.94701986754967,7.956953642384106,3.7152317880794703
2014,Alaska,21.16759776536313,15.206703910614525,14.0,6.983240223463687
2014,Arizona,31.290615539858727,44.73965691220989,2.36226034308779,7.070635721493441
2014,Arkansas,20.041095890410958,33.37260273972603,2.326027397260274,4.778082191780822
2014,California,18.633188052813743,39.74323804640431,1.2843225227534931,5.22477240671881
2014,Colorado,30.04147465437788,38.466359447004606,4.282027649769585,5.431082331174838
2014,Connecticut,14.94508009153318,38.83524027459954,1.5251716247139588,2.796338672768879
2014,Delaware,20.98,35.99,3.44,3.81
2014,District Of Columbia,23.44496487119438,33.61826697892272,3.098360655737705,5.426229508196721
2014,Florida,12.141666666666667,35.43055555555556,0.7305555555555555,5.988888888888889
2014,Georgia,22.769662921348313,34.997191011235955,0.6882022471910112,5.106741573033708
2014,Hawaii,7.9411764705882355,26.55614973262032,2.7754010695187166,4.171122994652406
2014,Illinois,21.397769516728623,34.87918215613383,5.436802973977695,4.656133828996283
2014,Indiana,21.040506329113924,37.51898734177215,13.772151898734178,3.7088607594936707
2014,Iowa,13.196180555555555,33.7734375,1.2378472222222223,2.890625
2014,Kansas,22.946022727272727,33.88636363636363,10.9375,4.181818181818182
2014,Kentucky,22.225609756097562,29.640243902439025,7.353658536585366,3.9877300613496933
2014,Louisiana,21.867069486404834,34.62537764350453,4.936555891238671,3.906344410876133
2014,Maine,8.161812297734627,29.42556634304207,0.9789644012944984,2.70873786407767
2014,Maryland,13.717303822937625,37.374245472837025,3.6861167002012074,2.8751258811681772
2014,Massachusetts,26.167701863354036,27.055900621118013,2.313664596273292,4.130434782608695
2014,Minnesota,14.1,33.385714285714286,0.6095238095238096,3.383495145631068
2014,Missouri,23.259052924791085,35.28412256267409,10.54317548746518,3.7409470752089136
2014,Nevada,26.184971098265898,44.76300578034682,0.9393063583815029,4.520231213872832
2014,New Hampshire,8.344827586206897,29.298850574712645,1.1494252873563218,2.3333333333333335
2014,New Jersey,29.02367688022284,32.700557103064064,2.2729805013927575,4.383008356545961
2014,New Mexico,23.05785123966942,41.484848484848484,1.534435261707989,3.465564738292011
2014,New York,28.77310924369748,32.252100840336134,3.775910364145658,4.352941176470588
2014,North Carolina,15.864978902953586,37.822784810126585,0.8509142053445851,4.107042253521127
2014,North Dakota,10.967532467532468,32.964285714285715,0.19155844155844157,1.9285714285714286
2014,Ohio,22.008333333333333,33.169444444444444,13.184027777777779,3.65
2014,Oklahoma,14.137724550898204,39.09880239520958,0.7544910179640718,2.6002994011976046
2014,Oregon,15.682634730538922,28.727544910179642,1.2634730538922156,3.9011976047904193
2014,Pennsylvania,18.845427435387673,35.762922465208746,7.358349900596422,3.150671307807061
2014,Rhode Island,14.498607242339833,36.35933147632312,1.7270194986072422,3.2458100558659218
2014,South Dakota,11.587078651685394,37.12078651685393,1.3398876404494382,2.476056338028169
2014,Texas,19.675877520537714,35.11277072442121,1.3670649738610903,3.0519820493642484
2014,Utah,26.75796178343949,41.19108280254777,1.0127388535031847,5.372611464968153
2014,Virginia,11.02066772655008,38.95389507154213,2.2225755166931638,3.508744038155803
2014,Washington,20.38095238095238,36.142857142857146,0.5714285714285714,2.5238095238095237
2014,Wyoming,8.967816091954022,44.80919540229885,0.5471264367816092,0.4423963133640553
2015,Alabama,20.026666666666667,37.343333333333334,6.95,3.933333333333333
2015,Alaska,18.67936507936508,19.136507936507936,14.793650793650794,6.26984126984127
2015,Arizona,26.20767716535433,44.89763779527559,1.6368110236220472,6.0
2015,Arkansas,19.423076923076923,33.456043956043956,2.3653846153846154,4.25
2015,California,18.173522520177038,39.987893777662066,1.309424629002864,5.288010934652434
2015,Colorado,35.517839922854385,38.178399228543874,4.9267116682738665,6.550626808100289
2015,Connecticut,15.851680185399768,40.79258400926999,0.6697566628041715,3.060254924681344
2015,Delaware,19.01801801801802,42.03603603603604,2.3603603603603602,4.2792792792792795
2015,District Of Columbia,24.335347432024168,36.95468277945619,3.4290030211480365,4.290909090909091
2015,Florida,9.618233618233619,34.08262108262108,0.46438746438746437,6.467236467236467
2015,Georgia,20.933526011560694,33.47687861271676,0.3554913294797688,5.130057803468208
2015,Hawaii,8.582872928176796,26.54696132596685,3.042817679558011,4.738950276243094
2015,Illinois,18.190556492411467,36.36593591905565,3.961214165261383,4.509274873524452
2015,Indiana,23.5015015015015,37.114114114114116,7.2042042042042045,4.225903614457831
2015,Iowa,13.07986111111111,34.82118055555556,0.8819444444444444,2.9114583333333335
2015,Kansas,22.899109792284868,34.39169139465876,8.6053412462908,4.610778443113772
2015,Kentucky,18.52577319587629,39.94845360824742,2.3556701030927836,4.227979274611399
2015,Louisiana,18.56198347107438,33.972451790633606,3.0606060606060606,3.2451790633608817
2015,Maine,13.847858197932053,28.994091580502214,1.58493353028065,3.354074074074074
2015,Maryland,14.291919191919192,38.88484848484848,2.7595959595959596,3.2111111111111112
2015,Massachusetts,24.54798761609907,28.622291021671828,1.1919504643962848,4.108359133126935
2015,Minnesota,14.750716332378223,33.27220630372493,0.7564469914040115,3.921511627906977
2015,Missouri,22.53956834532374,27.402877697841728,5.607913669064748,4.071942446043166
2015,Nevada,25.220064724919094,44.1747572815534,0.8543689320388349,4.287581699346405
2015,New Hampshire,6.377094972067039,36.13128491620112,0.9720670391061452,2.2039106145251397
2015,New Jersey,27.288275862068964,35.48,1.1268965517241378,4.499310344827586
2015,New Mexico,22.661931818181817,40.51988636363637,1.0454545454545454,3.633522727272727
2015,New York,29.803867403314918,33.83701657458563,2.501381215469613,4.273480662983426
2015,North Carolina,15.241867043847241,38.76944837340877,0.6605374823196606,4.1164772727272725
2015,North Dakota,9.884498480243161,30.559270516717326,0.1094224924012158,2.082066869300912
2015,Ohio,22.903752039151712,32.678629690048936,11.911908646003262,4.052373158756137
2015,Oklahoma,17.575280898876404,37.184269662921345,1.4404494382022472,4.062921348314607
2015,Oregon,16.75068493150685,28.153424657534245,0.9424657534246575,4.761643835616439
2015,Pennsylvania,15.20161792159303,37.53329184816428,6.107031736154325,2.7548226509023026
2015,Rhode Island,15.53888888888889,37.705555555555556,0.7388888888888889,3.3722222222222222
2015,South Dakota,9.700657894736842,29.36842105263158,0.32894736842105265,2.6204620462046204
2015,Tennessee,1.0689655172413792,42.26293103448276,0.14655172413793102,1.9437229437229437
2015,Texas,18.091737891737893,36.2991452991453,1.1663817663817664,3.426780626780627
2015,Utah,29.81422924901186,43.055335968379445,0.6956521739130435,5.865612648221344
2015,Virginia,11.483204134366925,39.6937984496124,0.9405684754521964,3.760981912144703
2015,Washington,20.982142857142858,28.077380952380953,1.8333333333333333,2.6666666666666665
2015,Wyoming,9.371057513914657,43.03525046382189,1.9165120593692022,0.7137546468401487
2016,Alabama,23.093959731543624,39.29530201342282,5.275167785234899,3.9060402684563758
2016,Arizona,29.652941176470588,37.370588235294115,1.1176470588235294,7.788235294117647
2016,Arkansas,20.274725274725274,32.824175824175825,0.8241758241758241,4.637362637362638
2016,California,16.153343023255815,32.906976744186046,1.1729651162790697,5.661337209302325
2016,Colorado,42.15985130111524,31.286245353159853,3.9479553903345725,7.843866171003717
2016,Delaware,25.988095238095237,32.04761904761905,1.9523809523809523,4.464285714285714
2016,District Of Columbia,25.689655172413794,38.91379310344828,2.206896551724138,3.586206896551724
2016,Florida,13.857142857142858,36.86813186813187,0.8131868131868132,7.406593406593407
2016,Georgia,25.333333333333332,29.634920634920636,0.5555555555555556,5.253968253968254
2016,Illinois,20.837988826815643,31.201117318435752,3.1452513966480447,4.435754189944134
2016,Indiana,23.969072164948454,35.154639175257735,1.3814432989690721,3.9072164948453607
2016,Iowa,12.884615384615385,37.26373626373626,0.2967032967032967,2.6758241758241756
2016,Kansas,24.204545454545453,29.545454545454547,2.75,4.045454545454546
2016,Louisiana,24.99122807017544,34.36842105263158,2.9649122807017543,3.2982456140350878
2016,Maine,18.04895104895105,33.11888111888112,1.5874125874125875,4.13986013986014
2016,Maryland,17.64179104477612,33.52238805970149,1.9888059701492538,3.7388059701492535
2016,Massachusetts,26.604395604395606,28.164835164835164,1.021978021978022,4.010989010989011
2016,Missouri,25.040816326530614,27.816326530612244,2.693877551020408,4.755102040816326
2016,Nevada,30.153846153846153,32.782051282051285,1.5128205128205128,5.256410256410256
2016,New Hampshire,8.305084745762711,34.11864406779661,1.2372881355932204,2.5254237288135593
2016,New York,30.90794979079498,29.606694560669457,2.6861924686192467,4.334728033472803
2016,North Carolina,17.046808510638296,37.702127659574465,0.5234042553191489,3.804255319148936
2016,North Dakota,11.0,29.417582417582416,0.08791208791208792,2.1538461538461537
2016,Ohio,19.9163179916318,31.89958158995816,7.799163179916318,3.98744769874477
2016,Oklahoma,18.931506849315067,35.78082191780822,2.5342465753424657,5.068493150684931
2016,Pennsylvania,15.688622754491018,33.362275449101794,4.209580838323354,1.7365269461077844
2016,Rhode Island,15.925619834710744,36.85123966942149,0.6363636363636364,3.206611570247934
2016,South Carolina,18.655172413793103,36.758620689655174,0.5172413793103449,2.4827586206896552
2016,Tennessee,1.7037037037037037,39.135802469135804,0.16049382716049382,2.0375
2016,Texas,21.184761904761906,35.63428571428572,1.3771428571428572,4.0304761904761905
2016,Utah,43.142857142857146,21.952380952380953,1.0,8.333333333333334
2016,Virginia,20.55,29.35,1.1666666666666667,4.45
2016,Washington,26.8,23.133333333333333,0.7333333333333333,4.333333333333333
2016,Wyoming,10.28888888888889,41.077777777777776,0.2,1.1555555555555554
